{
  "schema_version": 1,
  "app": "PythonSynth",
  "knobs": {
    "lpf_cutoff": 41,
    "lpf_q": 1.5,
    "volume": 70,
    "attack": 10,
    "decay": 100,
    "sustain": 70,
    "release": 806,
    "morph": 0,
    "dist_drive": 15.5,
    "dist_wet": 29,
    "reverb_room": 50,
    "reverb_damp": 50,
    "reverb_wet": 0,
    "delay_fb": 40,
    "delay_wet": 0,
    "chorus_rate": 30,
    "chorus_depth": 50,
    "chorus_wet": 0,
    "bc_bits": 5,
    "bc_ds": 26,
    "bc_wet": 36
  },
  "scales": {
    "delay_time": 250,
    "transpose": -2
  },
  "wavetable": {
    "a": [
      1.0,
      0.0,
      -0.1111111119389534,
      0.0,
      0.03999999910593033,
      0.0,
      -0.020408162847161293,
      0.0,
      0.012345679104328156,
      0.0,
      -0.00826446246355772,
      0.0,
      0.005917159840464592,
      0.0,
      -0.004444444552063942,
      0.0
    ],
    "b": [
      1.0,
      0.5,
      0.3333333432674408,
      0.25,
      0.20000000298023224,
      0.1666666716337204,
      0.1428571492433548,
      0.125,
      0.1111111119389534,
      0.10000000149011612,
      0.09090909361839294,
      0.0833333358168602,
      0.07692307978868484,
      0.0714285746216774,
      0.06666667014360428,
      0.0625
    ],
    "edit_slot": "A",
    "morph": 0
  },
  "lfo": {
    "selected": 0,
    "slots": [
      {
        "rate": 50.0,
        "amp": 0.0
      },
      {
        "rate": 50.0,
        "amp": 0.0
      },
      {
        "rate": 50.0,
        "amp": 0.0
      }
    ],
    "routes": {}
  },
  "name": "808-bass"
}