{
  "schema_version": 1,
  "app": "PythonSynth",
  "knobs": {
    "attack": 10,
    "decay": 65,
    "sustain": 21,
    "release": 58,
    "morph": 14,
    "lpf_cutoff": 69,
    "lpf_q": 1.9000000000000001,
    "volume": 70,
    "dist_drive": 3.7,
    "dist_wet": 50,
    "reverb_room": 24,
    "reverb_damp": 45,
    "reverb_wet": 52,
    "delay_fb": 35,
    "delay_wet": 14,
    "chorus_rate": 19,
    "chorus_depth": 77,
    "chorus_wet": 25,
    "bc_bits": 11,
    "bc_ds": 12,
    "bc_wet": 19
  },
  "scales": {
    "delay_time": 250
  },
  "wavetable": {
    "a": [
      1.0,
      0.5,
      0.0,
      0.25,
      0.0,
      0.1666666716337204,
      0.0,
      0.125,
      0.0,
      0.10000000149011612,
      0.0,
      0.0833333358168602,
      0.0,
      0.0714285746216774,
      0.0,
      0.0625
    ],
    "b": [
      1.0,
      0.5,
      0.3333333432674408,
      0.25,
      0.20000000298023224,
      0.1666666716337204,
      0.1428571492433548,
      0.125,
      0.1111111119389534,
      0.10000000149011612,
      0.09090909361839294,
      0.0833333358168602,
      0.07692307978868484,
      0.0714285746216774,
      0.06666667014360428,
      0.0625
    ],
    "edit_slot": "A",
    "morph": 14
  },
  "lfo": {
    "selected": 0,
    "slots": [
      {
        "rate": 50.0,
        "amp": 0.0
      },
      {
        "rate": 50.0,
        "amp": 0.0
      },
      {
        "rate": 50.0,
        "amp": 0.0
      }
    ],
    "routes": {}
  },
  "mono": {
    "enabled": false,
    "legato": 0
  },
  "unison": {
    "voices": 3,
    "detune": 32.0
  },
  "lpf_key_track": {
    "enabled": true
  },
  "name": "hard-pluck"
}
