{
  "schema_version": 1,
  "app": "PythonSynth",
  "knobs": {
    "lpf_cutoff": 100,
    "lpf_q": 12.0,
    "volume": 70,
    "attack": 500,
    "decay": 500,
    "sustain": 100,
    "release": 2000,
    "morph": 0,
    "reverb_room": 100,
    "reverb_damp": 100,
    "reverb_wet": 100,
    "delay_fb": 90,
    "delay_wet": 100,
    "chorus_rate": 100,
    "chorus_depth": 100,
    "chorus_wet": 100,
    "bc_bits": 16,
    "bc_ds": 32,
    "bc_wet": 100
  },
  "scales": {
    "delay_time": 1000,
    "transpose": 0
  },
  "wavetable": {
    "a": [
      1.0,
      1.0,
      1.0,
      1.0,
      1.0,
      1.0,
      1.0,
      1.0,
      1.0,
      1.0,
      1.0,
      1.0,
      1.0,
      1.0,
      1.0,
      1.0
    ],
    "b": [
      1.0,
      0.5,
      0.3333333432674408,
      0.25,
      0.20000000298023224,
      0.1666666716337204,
      0.1428571492433548,
      0.125,
      0.1111111119389534,
      0.10000000149011612,
      0.09090909361839294,
      0.0833333358168602,
      0.07692307978868484,
      0.0714285746216774,
      0.06666667014360428,
      0.0625
    ],
    "edit_slot": "A",
    "morph": 0
  },
  "lfo": {
    "selected": 0,
    "slots": [
      {
        "rate": 46.0,
        "amp": 100.0
      },
      {
        "rate": 50.0,
        "amp": 0.0
      },
      {
        "rate": 50.0,
        "amp": 0.0
      }
    ],
    "routes": {}
  },
  "name": "maxed-out"
}