{
  "schema_version": 1,
  "app": "PythonSynth",
  "knobs": {
    "lpf_cutoff": 58,
    "lpf_q": 1.3,
    "volume": 70,
    "attack": 103,
    "decay": 100,
    "sustain": 70,
    "release": 300,
    "morph": 15,
    "dist_drive": 15.5,
    "dist_wet": 29,
    "reverb_room": 14,
    "reverb_damp": 72,
    "reverb_wet": 23,
    "delay_fb": 51,
    "delay_wet": 27,
    "chorus_rate": 19,
    "chorus_depth": 42,
    "chorus_wet": 18,
    "bc_bits": 16,
    "bc_ds": 1,
    "bc_wet": 0
  },
  "scales": {
    "delay_time": 252,
    "transpose": 1
  },
  "wavetable": {
    "a": [
      1.0,
      0.0,
      0.3333333432674408,
      0.0,
      0.20000000298023224,
      0.0,
      0.1428571492433548,
      0.0,
      0.1111111119389534,
      0.0,
      0.09090909361839294,
      0.0,
      0.07692307978868484,
      0.0,
      0.06666667014360428,
      0.0
    ],
    "b": [
      1.0,
      0.5,
      0.0,
      0.25,
      0.0,
      0.1666666716337204,
      0.0,
      0.125,
      0.0,
      0.10000000149011612,
      0.0,
      0.0833333358168602,
      0.0,
      0.0714285746216774,
      0.0,
      0.0625
    ],
    "edit_slot": "A",
    "morph": 13
  },
  "lfo": {
    "selected": 1,
    "slots": [
      {
        "rate": 39.0,
        "amp": 54.0
      },
      {
        "rate": 25.0,
        "amp": 7.0
      },
      {
        "rate": 50.0,
        "amp": 0.0
      }
    ],
    "routes": {
      "morph": 0,
      "lpf_cutoff": 1
    }
  },
  "mono": {
    "enabled": false,
    "legato": 100
  },
  "name": "morphing-pad"
}