{
  "schema_version": 1,
  "app": "PythonSynth",
  "knobs": {
    "attack": 1,
    "decay": 176,
    "sustain": 70,
    "release": 129,
    "morph": 14,
    "lpf_cutoff": 70,
    "lpf_q": 2.5,
    "volume": 70,
    "dist_drive": 6.300000000000001,
    "dist_wet": 24,
    "reverb_room": 34,
    "reverb_damp": 72,
    "reverb_wet": 33,
    "delay_fb": 61,
    "delay_wet": 28,
    "chorus_rate": 26,
    "chorus_depth": 23,
    "chorus_wet": 32,
    "bc_bits": 13,
    "bc_ds": 20,
    "bc_wet": 7
  },
  "scales": {
    "delay_time": 260,
    "transpose": -2
  },
  "wavetable": {
    "a": [
      1.0,
      0.0,
      0.3333333432674408,
      0.0,
      0.20000000298023224,
      0.0,
      0.1428571492433548,
      0.0,
      0.1111111119389534,
      0.0,
      0.09090909361839294,
      0.0,
      0.07692307978868484,
      0.0,
      0.06666667014360428,
      0.0
    ],
    "b": [
      1.0,
      0.5,
      0.3333333432674408,
      0.25,
      0.20000000298023224,
      0.1666666716337204,
      0.1428571492433548,
      0.125,
      0.1111111119389534,
      0.10000000149011612,
      0.09090909361839294,
      0.0833333358168602,
      0.07692307978868484,
      0.0714285746216774,
      0.06666667014360428,
      0.0625
    ],
    "edit_slot": "B",
    "morph": 13
  },
  "lfo": {
    "selected": 1,
    "slots": [
      {
        "rate": 39.0,
        "amp": 17.0
      },
      {
        "rate": 25.0,
        "amp": 4.0
      },
      {
        "rate": 50.0,
        "amp": 0.0
      }
    ],
    "routes": {
      "morph": 0,
      "lpf_cutoff": 1
    }
  },
  "mono": {
    "enabled": true,
    "legato": 4
  },
  "name": "wide-pluck"
}